E_B,P_Battery_Max,cost_ALL,cost_PV,cost_WG,cost_net
1,0,5071.643150684931,0.0,2638.8500000000004,2432.2999999999997
2,0,5072.136301369863,0.0,2638.8500000000004,2432.2999999999997
2,1,5070.552189978372,0.0,2640.5142105263158,2428.8325000000004
3,0,5072.6294520547945,0.0,2638.8500000000004,2432.2999999999997
3,1,5070.766130136987,0.0,2640.4750000000004,2428.5924999999997
3,2,5069.759124008652,0.0,2642.096315789474,2425.745
4,0,5073.122602739726,0.0,2638.8500000000004,2432.2999999999997
4,1,5071.069280821918,0.0,2640.2850000000003,2428.5924999999997
4,2,5069.954379956742,0.0,2642.178421052632,2425.365
4,3,5068.966058038934,0.0,2643.678421052632,2422.6575
5,0,5073.615753424658,0.0,2638.8500000000004,2432.2999999999997
5,1,5071.37243150685,0.0,2640.0950000000003,2428.5924999999997
5,2,5070.129109589041,0.0,2642.2400000000002,2424.9849999999997
5,3,5069.161313987022,0.0,2643.76052631579,2422.2774999999997
5,4,5068.172992069214,0.0,2645.26052631579,2419.5699999999997
6,0,5074.108904109589,0.0,2638.8500000000004,2432.2999999999997
6,1,5071.626832191781,0.0,2639.9537500000006,2428.495
6,2,5070.382260273973,0.0,2642.1,2424.885
6,3,5069.356569935112,0.0,2643.8426315789475,2421.8975
6,4,5068.368248017304,0.0,2645.3426315789475,2419.1899999999996
7,0,5074.602054794521,0.0,2638.8500000000004,2432.2999999999997
7,1,5071.929982876713,0.0,2639.7637500000005,2428.495
7,2,5070.685410958905,0.0,2641.91,2424.885
7,3,5069.551825883202,0.0,2643.9247368421056,2421.5175
7,4,5068.5635039653935,0.0,2645.4247368421056,2418.8099999999995
7,5,5067.575182047584,0.0,2646.9247368421056,2416.1025
8,0,5075.0952054794525,0.0,2638.8500000000004,2432.2999999999997
8,1,5072.2331335616445,0.0,2639.5737500000005,2428.495
8,2,5070.988561643836,0.0,2641.7200000000003,2424.885
8,3,5069.6952397260275,0.0,2643.915,2421.1775
8,4,5068.758759913482,0.0,2645.5068421052633,2418.4300000000003
8,5,5067.770437995675,0.0,2647.0068421052633,2415.7225
8,6,5066.782116077866,0.0,2648.5068421052633,2413.015
9,0,5075.588356164384,0.0,2638.8500000000004,2432.2999999999997
9,1,5072.472534246576,0.0,2639.4475,2428.3675000000003
9,2,5071.291712328767,0.0,2641.53,2424.885
9,3,5069.9983904109595,0.0,2643.7250000000004,2421.1775
9,4,5068.954015861572,0.0,2645.588947368421,2418.05
9,5,5067.965693943764,0.0,2647.0889473684215,2415.3424999999997
9,6,5066.977372025955,0.0,2648.5889473684215,2412.6349999999998
9,7,5065.989050108148,0.0,2650.0889473684215,2409.9275
10,0,5076.081506849316,0.0,2638.8500000000004,2432.2999999999997
10,1,5072.585684931508,0.0,2639.4475,2427.9875
10,2,5071.594863013699,0.0,2641.34,2424.885
10,3,5070.301541095891,0.0,2643.535,2421.1775
10,4,5069.108219178082,0.0,2645.6300000000006,2417.67
10,5,5068.160949891853,0.0,2647.1710526315796,2414.9624999999996
10,6,5067.172627974045,0.0,2648.671052631579,2412.2549999999997
10,7,5066.184306056238,0.0,2650.171052631579,2409.5474999999997
10,8,5065.195984138429,0.0,2651.671052631579,2406.84
11,0,5076.574657534246,0.0,2638.8500000000004,2432.2999999999997
11,1,5072.698835616439,0.0,2639.4475,2427.6075
11,2,5071.808013698631,0.0,2641.2400000000002,2424.705
11,3,5070.604691780823,0.0,2643.3450000000003,2421.1775
11,4,5069.311369863014,0.0,2645.5400000000004,2417.4700000000003
11,5,5068.356205839942,0.0,2647.2531578947373,2414.5824999999995
11,6,5067.367883922134,0.0,2648.7531578947373,2411.875
11,7,5066.3795620043265,0.0,2650.2531578947373,2409.1674999999996
11,8,5065.391240086518,0.0,2651.753157894737,2406.46
12,0,5077.067808219178,0.0,2638.8500000000004,2432.2999999999997
12,1,5072.811986301371,0.0,2639.4475,2427.2275
12,2,5072.103664383562,0.0,2641.0575,2424.6899999999996
12,3,5070.907842465754,0.0,2643.1549999999997,2421.1775
12,4,5069.614520547945,0.0,2645.3500000000004,2417.4700000000003
12,5,5068.541198630137,0.0,2647.3250000000003,2414.2024999999994
12,6,5067.5631398702235,0.0,2648.835263157895,2411.495
12,7,5066.574817952416,0.0,2650.335263157895,2408.7875000000004
12,8,5065.586496034608,0.0,2651.835263157895,2406.08
12,9,5064.598174116799,0.0,2653.335263157895,2403.3725
13,0,5077.56095890411,0.0,2638.8500000000004,2432.2999999999997
13,1,5072.925136986302,0.0,2639.4475,2426.8475
13,2,5072.406815068493,0.0,2640.8675000000003,2424.6899999999996
13,3,5071.210993150686,0.0,2642.965,2421.1775
13,4,5069.917671232877,0.0,2645.1600000000003,2417.4700000000003
13,5,5068.654349315068,0.0,2647.3250000000003,2413.8225
13,6,5067.758395818313,0.0,2648.9173684210527,2411.115
13,7,5066.770073900505,0.0,2650.4173684210527,2408.4075000000003
13,8,5065.781751982697,0.0,2651.9173684210527,2405.7
13,9,5064.7934300648885,0.0,2653.417368421053,2402.9925
13,10,5063.80510814708,0.0,2654.9173684210527,2400.285
14,0,5078.054109589041,0.0,2638.8500000000004,2432.2999999999997
14,1,5073.038287671234,0.0,2639.4475,2426.4674999999997
14,2,5072.709965753425,0.0,2640.6775000000002,2424.6899999999996
14,3,5071.514143835617,0.0,2642.7750000000005,2421.1775
14,4,5070.220821917808,0.0,2644.9700000000003,2417.4700000000003
14,5,5068.9275,0.0,2647.1650000000004,2413.7625
14,6,5067.953651766402,0.0,2648.999473684211,2410.7349999999997
14,7,5066.9653298485955,0.0,2650.499473684211,2408.0275
14,8,5065.977007930786,0.0,2651.999473684211,2405.3199999999997
14,9,5064.988686012978,0.0,2653.499473684211,2402.6124999999997
14,10,5064.00036409517,0.0,2654.999473684211,2399.9049999999997
14,11,5063.012042177361,0.0,2656.499473684211,2397.1975
15,0,5078.547260273972,0.0,2638.8500000000004,2432.2999999999997
15,1,5073.151438356165,0.0,2639.4475,2426.0874999999996
15,2,5073.0131164383565,0.0,2640.4875,2424.6899999999996
15,3,5071.817294520548,0.0,2642.585,2421.1775
15,4,5070.52397260274,0.0,2644.7800000000007,2417.4700000000003
15,5,5069.230650684932,0.0,2646.9750000000004,2413.7625
15,6,5068.087328767123,0.0,2649.0200000000004,2410.355
15,7,5067.160585796684,0.0,2650.581578947369,2407.6475
15,8,5066.172263878876,0.0,2652.0815789473686,2404.9399999999996
15,9,5065.183941961068,0.0,2653.5815789473686,2402.2325
15,10,5064.19562004326,0.0,2655.0815789473686,2399.5249999999996
15,11,5063.2072981254505,0.0,2656.5815789473686,2396.8175
15,12,5062.218976207642,0.0,2658.081578947369,2394.11
16,0,5079.0404109589035,0.0,2638.8500000000004,2432.2999999999997
16,1,5073.264589041097,0.0,2639.4475,2425.7074999999995
16,2,5073.3162671232885,0.0,2640.2975,2424.6899999999996
16,3,5072.08044520548,0.0,2642.4350000000004,2421.0975
16,4,5070.827123287671,0.0,2644.5900000000006,2417.4700000000003
16,5,5069.533801369863,0.0,2646.7850000000003,2413.7625
16,6,5068.240479452054,0.0,2648.98,2410.055
16,7,5067.355841744774,0.0,2650.6636842105268,2407.2675
16,8,5066.367519826965,0.0,2652.1636842105268,2404.5599999999995
16,9,5065.379197909157,0.0,2653.6636842105263,2401.8525
16,10,5064.390875991348,0.0,2655.1636842105268,2399.1450000000004
16,11,5063.40255407354,0.0,2656.6636842105263,2396.4375
16,12,5062.414232155732,0.0,2658.1636842105268,2393.73
17,0,5079.533561643835,0.0,2638.8500000000004,2432.2999999999997
17,1,5073.377739726028,0.0,2639.4475,2425.3275000000003
17,2,5073.61941780822,0.0,2640.1075,2424.6899999999996
17,3,5072.277345890411,0.0,2642.3512500000006,2420.8849999999998
17,4,5071.130273972603,0.0,2644.4000000000005,2417.4700000000003
17,5,5069.836952054795,0.0,2646.5950000000003,2413.7625
17,6,5068.543630136986,0.0,2648.7900000000004,2410.055
17,7,5067.520308219179,0.0,2650.715,2406.8875
17,8,5066.562775775054,0.0,2652.2457894736845,2404.1799999999994
17,9,5065.574453857246,0.0,2653.745789473685,2401.4725
17,10,5064.586131939438,0.0,2655.2457894736845,2398.7650000000003
17,11,5063.59781002163,0.0,2656.7457894736845,2396.0575
17,12,5062.609488103822,0.0,2658.2457894736845,2393.35
17,13,5061.6211661860125,0.0,2659.7457894736845,2390.6425
18,0,5080.026712328767,0.0,2638.8500000000004,2432.2999999999997
18,1,5073.49089041096,0.0,2639.4475,2424.9475
18,2,5073.795068493151,0.0,2640.045,2424.4349999999995
18,3,5072.580496575343,0.0,2642.16125,2420.8849999999998
18,4,5071.4334246575345,0.0,2644.2100000000005,2417.4700000000003
18,5,5070.140102739726,0.0,2646.405,2413.7625
18,6,5068.8467808219175,0.0,2648.6000000000004,2410.055
18,7,5067.633458904111,0.0,2650.715,2406.5074999999997
18,8,5066.758031723144,0.0,2652.327894736842,2403.8
18,9,5065.769709805336,0.0,2653.8278947368426,2401.0924999999997
18,10,5064.781387887528,0.0,2655.3278947368426,2398.385
18,11,5063.793065969719,0.0,2656.8278947368426,2395.6775
18,12,5062.80474405191,0.0,2658.327894736842,2392.97
18,13,5061.816422134102,0.0,2659.827894736842,2390.2625
18,14,5060.828100216295,0.0,2661.327894736842,2387.5550000000003
19,0,5080.519863013698,0.0,2638.8500000000004,2432.2999999999997
19,1,5073.604041095891,0.0,2639.4475,2424.5675
19,2,5073.908219178083,0.0,2640.045,2424.0549999999994
19,3,5072.883647260274,0.0,2641.9712500000005,2420.8849999999998
19,4,5071.736575342466,0.0,2644.0200000000004,2417.4700000000003
19,5,5070.443253424658,0.0,2646.215,2413.7625
19,6,5069.1499315068495,0.0,2648.4100000000003,2410.055
19,7,5067.856609589042,0.0,2650.6050000000005,2406.3475
19,8,5066.953287671234,0.0,2652.4100000000003,2403.42
19,9,5065.964965753425,0.0,2653.9100000000003,2400.7125
19,10,5064.976643835616,0.0,2655.4100000000003,2398.005
19,11,5063.988321917808,0.0,2656.9100000000003,2395.2974999999997
19,12,5063.0,0.0,2658.4100000000003,2392.59
19,13,5062.011678082192,0.0,2659.9100000000008,2389.8824999999997
19,14,5061.0233561643845,0.0,2661.4100000000003,2387.175
19,15,5060.035034246576,0.0,2662.9100000000003,2384.4674999999997
20,0,5081.01301369863,0.0,2638.8500000000004,2432.2999999999997
20,1,5073.717191780823,0.0,2639.4475,2424.1875
20,2,5074.021369863014,0.0,2640.045,2423.675
20,3,5073.186797945205,0.0,2641.78125,2420.8849999999998
20,4,5072.039726027398,0.0,2643.8300000000004,2417.4700000000003
20,5,5070.746404109589,0.0,2646.025,2413.7625
20,6,5069.453082191781,0.0,2648.2200000000003,2410.055
20,7,5068.159760273973,0.0,2650.4150000000004,2406.3475
20,8,5067.066438356165,0.0,2652.4100000000003,2403.04
20,9,5066.160221701514,0.0,2653.992105263158,2400.3325
20,10,5065.171899783706,0.0,2655.492105263158,2397.625
20,11,5064.183577865898,0.0,2656.992105263158,2394.9174999999996
20,12,5063.195255948089,0.0,2658.4921052631585,2392.21
20,13,5062.206934030281,0.0,2659.9921052631585,2389.5024999999996
20,14,5061.218612112474,0.0,2661.4921052631585,2386.795
20,15,5060.230290194665,0.0,2662.992105263158,2384.0875
20,16,5059.241968276857,0.0,2664.492105263158,2381.38
21,0,5081.506164383562,0.0,2638.8500000000004,2432.2999999999997
21,1,5073.830342465754,0.0,2639.4475,2423.8075
21,2,5074.134520547946,0.0,2640.045,2423.295
21,3,5073.489948630137,0.0,2641.5912500000004,2420.8849999999998
21,4,5072.342876712329,0.0,2643.6400000000003,2417.4700000000003
21,5,5071.04955479452,0.0,2645.8350000000005,2413.7625
21,6,5069.756232876712,0.0,2648.03,2410.055
21,7,5068.462910958905,0.0,2650.2250000000004,2406.3475
21,8,5067.179589041097,0.0,2652.4100000000003,2402.66
21,9,5066.355477649604,0.0,2654.074210526316,2399.9525
21,10,5065.367155731796,0.0,2655.574210526316,2397.245
21,11,5064.3788338139875,0.0,2657.074210526316,2394.5374999999995
21,12,5063.390511896179,0.0,2658.574210526316,2391.83
21,13,5062.40218997837,0.0,2660.074210526316,2389.1225000000004
21,14,5061.413868060563,0.0,2661.574210526316,2386.415
21,15,5060.425546142755,0.0,2663.074210526316,2383.7075
21,16,5059.437224224946,0.0,2664.574210526316,2381.0
22,0,5081.999315068493,0.0,2638.8500000000004,2432.2999999999997
22,1,5073.943493150686,0.0,2639.4475,2423.4275
22,2,5074.247671232877,0.0,2640.045,2422.915
22,3,5073.7930993150685,0.0,2641.40125,2420.8849999999998
22,4,5072.46602739726,0.0,2643.6300000000006,2417.1099999999997
22,5,5071.352705479452,0.0,2645.6450000000004,2413.7625
22,6,5070.059383561644,0.0,2647.84,2410.055
22,7,5068.766061643836,0.0,2650.0350000000003,2406.3475
22,8,5067.472739726028,0.0,2652.23,2402.6399999999994
22,9,5066.49941780822,0.0,2654.105,2399.5724999999998
22,10,5065.562411679885,0.0,2655.6563157894743,2396.865
22,11,5064.574089762076,0.0,2657.1563157894743,2394.1575000000003
22,12,5063.585767844268,0.0,2658.656315789474,2391.45
22,13,5062.59744592646,0.0,2660.156315789474,2388.7425000000003
22,14,5061.6091240086525,0.0,2661.656315789474,2386.035
22,15,5060.620802090843,0.0,2663.156315789474,2383.3275
22,16,5059.632480173035,0.0,2664.656315789474,2380.62
22,17,5058.644158255227,0.0,2666.1563157894743,2377.9125000000004
23,0,5082.492465753425,0.0,2638.8500000000004,2432.2999999999997
23,1,5074.056643835617,0.0,2639.4475,2423.0474999999997
23,2,5074.360821917809,0.0,2640.045,2422.535
23,3,5074.0962500000005,0.0,2641.2112500000003,2420.8849999999998
23,4,5072.754178082192,0.0,2643.4550000000004,2417.08
23,5,5071.655856164383,0.0,2645.4550000000004,2413.7625
23,6,5070.362534246575,0.0,2647.65,2410.055
23,7,5069.069212328768,0.0,2649.8450000000003,2406.3475
23,8,5067.77589041096,0.0,2652.04,2402.6399999999994
23,9,5066.612568493151,0.0,2654.105,2399.1925
23,10,5065.757667627974,0.0,2655.738421052632,2396.4849999999997
23,11,5064.769345710166,0.0,2657.238421052632,2393.7775
23,12,5063.781023792358,0.0,2658.738421052632,2391.07
23,13,5062.7927018745495,0.0,2660.2384210526316,2388.3625
23,14,5061.804379956742,0.0,2661.7384210526316,2385.6549999999997
23,15,5060.816058038933,0.0,2663.238421052632,2382.9474999999998
23,16,5059.827736121125,0.0,2664.738421052632,2380.24
23,17,5058.839414203317,0.0,2666.238421052632,2377.5325000000003
23,18,5057.8510922855085,0.0,2667.7384210526325,2374.825
24,0,5082.985616438356,0.0,2638.8500000000004,2432.2999999999997
24,1,5074.169794520549,0.0,2639.4475,2422.6674999999996
24,2,5074.47397260274,0.0,2640.045,2422.1549999999997
24,3,5074.399400684932,0.0,2641.0212500000007,2420.8849999999998
24,4,5073.057328767123,0.0,2643.2650000000003,2417.08
24,5,5071.959006849315,0.0,2645.2650000000003,2413.7625
24,6,5070.665684931507,0.0,2647.46,2410.055
24,7,5069.372363013699,0.0,2649.655,2406.3475
24,8,5068.079041095891,0.0,2651.85,2402.6399999999994
24,9,5066.785719178082,0.0,2654.045,2398.9325
24,10,5065.932397260274,0.0,2655.8000000000006,2396.1050000000005
24,11,5064.964601658256,0.0,2657.3205263157897,2393.3975
24,12,5063.976279740446,0.0,2658.8205263157897,2390.69
24,13,5062.987957822638,0.0,2660.3205263157897,2387.9825
24,14,5061.999635904832,0.0,2661.8205263157897,2385.2749999999996
24,15,5061.011313987023,0.0,2663.3205263157897,2382.5675
24,16,5060.0229920692145,0.0,2664.8205263157897,2379.8599999999997
24,17,5059.034670151406,0.0,2666.3205263157897,2377.1525
24,18,5058.046348233597,0.0,2667.8205263157897,2374.445
24,19,5057.058026315789,0.0,2669.3205263157897,2371.7375
25,0,5083.478767123288,0.0,2638.8500000000004,2432.2999999999997
25,1,5074.28294520548,0.0,2639.4475,2422.2875000000004
25,2,5074.587123287672,0.0,2640.045,2421.7749999999996
25,3,5074.702551369864,0.0,2640.83125,2420.8849999999998
25,4,5073.360479452055,0.0,2643.0750000000003,2417.08
25,5,5072.262157534246,0.0,2645.0750000000003,2413.7625
25,6,5070.968835616438,0.0,2647.2700000000004,2410.055
25,7,5069.675513698631,0.0,2649.465,2406.3475
25,8,5068.382191780823,0.0,2651.6600000000003,2402.6399999999994
25,9,5067.088869863014,0.0,2653.855,2398.9325
25,10,5066.045547945206,0.0,2655.8000000000006,2395.7250000000004
25,11,5065.159857606345,0.0,2657.4026315789474,2393.0175
25,12,5064.171535688537,0.0,2658.9026315789474,2390.31
25,13,5063.183213770728,0.0,2660.402631578948,2387.6025
25,14,5062.194891852921,0.0,2661.902631578948,2384.8949999999995
25,15,5061.206569935112,0.0,2663.402631578948,2382.1875
25,16,5060.218248017304,0.0,2664.9026315789474,2379.4800000000005
25,17,5059.229926099496,0.0,2666.4026315789474,2376.7725
25,18,5058.241604181688,0.0,2667.902631578948,2374.065
25,19,5057.253282263879,0.0,2669.402631578948,2371.3575
25,20,5056.264960346071,0.0,2670.9026315789474,2368.6499999999996
26,0,5083.97191780822,0.0,2638.8500000000004,2432.2999999999997
26,1,5074.396095890412,0.0,2639.4475,2421.9075000000003
26,2,5074.700273972603,0.0,2640.045,2421.3949999999995
26,3,5075.0044520547945,0.0,2640.6425,2420.8824999999997
26,4,5073.663630136986,0.0,2642.8850000000007,2417.08
26,5,5072.565308219178,0.0,2644.885,2413.7625
26,6,5071.27198630137,0.0,2647.0800000000004,2410.055
26,7,5069.978664383562,0.0,2649.275,2406.3475
26,8,5068.685342465754,0.0,2651.4700000000003,2402.6399999999994
26,9,5067.392020547945,0.0,2653.665,2398.9325
26,10,5066.158698630137,0.0,2655.8000000000006,2395.3450000000003
26,11,5065.355113554434,0.0,2657.484736842106,2392.6375
26,12,5064.366791636626,0.0,2658.9847368421056,2389.93
26,13,5063.3784697188175,0.0,2660.4847368421056,2387.2225
26,14,5062.39014780101,0.0,2661.9847368421056,2384.5150000000003
26,15,5061.401825883202,0.0,2663.4847368421056,2381.8075
26,16,5060.413503965393,0.0,2664.9847368421056,2379.1000000000004
26,17,5059.425182047585,0.0,2666.484736842105,2376.3925
26,18,5058.4368601297765,0.0,2667.984736842105,2373.685
26,19,5057.448538211968,0.0,2669.484736842105,2370.9775
26,20,5056.460216294161,0.0,2670.9847368421056,2368.2699999999995
27,0,5084.465068493151,0.0,2638.8500000000004,2432.2999999999997
27,1,5074.509246575343,0.0,2639.4475,2421.5275
27,2,5074.813424657535,0.0,2640.045,2421.0149999999994
27,3,5075.117602739726,0.0,2640.6425,2420.5025
27,4,5073.966780821918,0.0,2642.6950000000006,2417.08
27,5,5072.738458904109,0.0,2644.8250000000003,2413.5024999999996
27,6,5071.575136986301,0.0,2646.8900000000003,2410.055
27,7,5070.281815068494,0.0,2649.0850000000005,2406.3475
27,8,5068.988493150686,0.0,2651.28,2402.6399999999994
27,9,5067.695171232877,0.0,2653.475,2398.9325
27,10,5066.401849315069,0.0,2655.6700000000005,2395.2250000000004
27,11,5065.47852739726,0.0,2657.4950000000003,2392.2574999999997
27,12,5064.562047584715,0.0,2659.0668421052637,2389.55
27,13,5063.573725666907,0.0,2660.5668421052633,2386.8424999999997
27,14,5062.5854037491,0.0,2662.0668421052633,2384.135
27,15,5061.597081831291,0.0,2663.5668421052633,2381.4275
27,16,5060.608759913483,0.0,2665.0668421052637,2378.7200000000003
27,17,5059.620437995674,0.0,2666.5668421052637,2376.0125
27,18,5058.632116077866,0.0,2668.0668421052637,2373.305
27,19,5057.643794160058,0.0,2669.5668421052633,2370.5975
27,20,5056.65547224225,0.0,2671.0668421052633,2367.8900000000003
27,21,5055.6671503244415,0.0,2672.5668421052633,2365.1825000000003
28,0,5084.958219178083,0.0,2638.8500000000004,2432.2999999999997
28,1,5074.622397260275,0.0,2639.4475,2421.1475
28,2,5074.926575342466,0.0,2640.045,2420.635
28,3,5075.230753424657,0.0,2640.6425,2420.1225
28,4,5074.269931506849,0.0,2642.5050000000006,2417.08
28,5,5072.927859589041,0.0,2644.74875,2413.2749999999996
28,6,5071.878287671233,0.0,2646.7000000000003,2410.055
28,7,5070.584965753425,0.0,2648.8950000000004,2406.3475
28,8,5069.291643835617,0.0,2651.09,2402.6399999999994
28,9,5067.998321917808,0.0,2653.285,2398.9325
28,10,5066.705000000001,0.0,2655.4800000000005,2395.2250000000004
28,11,5065.591678082192,0.0,2657.4950000000003,2391.8774999999996
28,12,5064.757303532804,0.0,2659.1489473684214,2389.17
28,13,5063.768981614996,0.0,2660.6489473684214,2386.4624999999996
28,14,5062.780659697189,0.0,2662.1489473684214,2383.755
28,15,5061.79233777938,0.0,2663.648947368421,2381.0474999999997
28,16,5060.804015861572,0.0,2665.1489473684214,2378.34
28,17,5059.815693943764,0.0,2666.6489473684214,2375.6324999999997
28,18,5058.827372025955,0.0,2668.1489473684214,2372.9249999999997
28,19,5057.839050108147,0.0,2669.6489473684214,2370.2174999999997
28,20,5056.850728190339,0.0,2671.1489473684214,2367.51
28,21,5055.862406272531,0.0,2672.6489473684214,2364.8025000000002
28,22,5054.874084354723,0.0,2674.1489473684214,2362.095
29,0,5085.4513698630135,0.0,2638.8500000000004,2432.2999999999997
29,1,5074.735547945206,0.0,2639.4475,2420.7675
29,2,5075.039726027398,0.0,2640.045,2420.255
29,3,5075.343904109589,0.0,2640.6425,2419.7425
29,4,5074.573082191781,0.0,2642.3150000000005,2417.08
29,5,5073.231010273973,0.0,2644.55875,2413.2749999999996
29,6,5072.181438356164,0.0,2646.51,2410.055
29,7,5070.8881164383565,0.0,2648.7050000000004,2406.3475
29,8,5069.594794520548,0.0,2650.9,2402.6399999999994
29,9,5068.30147260274,0.0,2653.0950000000003,2398.9325
29,10,5067.008150684932,0.0,2655.2900000000004,2395.2250000000004
29,11,5065.769703767123,0.0,2657.4398750000005,2391.6174999999994
29,12,5064.977356849315,0.0,2659.13585,2388.91
29,13,5064.0300875630855,0.0,2660.676902631579,2386.2025000000003
29,14,5063.041765645278,0.0,2662.176902631579,2383.495
29,15,5062.05344372747,0.0,2663.6769026315797,2380.7875
29,16,5061.065121809661,0.0,2665.176902631579,2378.08
29,17,5060.076799891853,0.0,2666.6769026315797,2375.3724999999995
29,18,5059.088477974045,0.0,2668.1769026315797,2372.665
29,19,5058.100156056236,0.0,2669.6769026315797,2369.9575000000004
29,20,5057.111834138429,0.0,2671.1769026315797,2367.25
29,21,5056.123512220621,0.0,2672.6769026315797,2364.5425
29,22,5055.135190302813,0.0,2674.176902631579,2361.835
29,23,5054.1468683850035,0.0,2675.676902631579,2359.1275000000005
30,0,5085.944520547945,0.0,2638.8500000000004,2432.2999999999997
30,1,5074.848698630138,0.0,2639.4475,2420.3875
30,2,5075.152876712329,0.0,2640.045,2419.875
30,3,5075.45705479452,0.0,2640.6425,2419.3624999999997
30,4,5074.8762328767125,0.0,2642.1250000000005,2417.08
30,5,5073.534160958904,0.0,2644.3687500000005,2413.2749999999996
30,6,5072.484589041095,0.0,2646.32,2410.055
30,7,5071.1912671232885,0.0,2648.5150000000003,2406.3475
30,8,5069.89794520548,0.0,2650.71,2402.6399999999994
30,9,5068.6046232876715,0.0,2652.905,2398.9325
30,10,5067.311301369863,0.0,2655.1000000000004,2395.2250000000004
30,11,5066.072854452055,0.0,2657.2498750000004,2391.6174999999994
30,12,5065.299032534246,0.0,2658.9643750000005,2388.91
30,13,5064.433868511175,0.0,2660.5875328947373,2386.2025000000003
30,14,5063.445546593367,0.0,2662.0875328947373,2383.495
30,15,5062.457224675559,0.0,2663.5875328947373,2380.7875
30,16,5061.468902757751,0.0,2665.0875328947373,2378.08
30,17,5060.480580839942,0.0,2666.5875328947377,2375.3724999999995
30,18,5059.492258922134,0.0,2668.087532894737,2372.665
30,19,5058.503937004326,0.0,2669.5875328947373,2369.9575000000004
30,20,5057.515615086519,0.0,2671.0875328947373,2367.25
30,21,5056.5272931687105,0.0,2672.5875328947373,2364.5425
30,22,5055.538971250901,0.0,2674.0875328947377,2361.835
30,23,5054.550649333093,0.0,2675.5875328947377,2359.1275000000005
30,24,5053.562327415285,0.0,2677.0875328947373,2356.42
31,0,5086.437671232877,0.0,2638.8500000000004,2432.2999999999997
31,1,5074.961849315069,0.0,2639.4475,2420.0074999999997
31,2,5075.266027397261,0.0,2640.045,2419.495
31,3,5075.570205479452,0.0,2640.6425,2418.9825
31,4,5075.1793835616445,0.0,2641.9350000000004,2417.08
31,5,5073.837311643836,0.0,2644.1787500000005,2413.2749999999996
31,6,5072.787739726027,0.0,2646.13,2410.055
31,7,5071.49441780822,0.0,2648.3250000000003,2406.3475
31,8,5070.201095890411,0.0,2650.52,2402.6399999999994
31,9,5068.907773972603,0.0,2652.715,2398.9325
31,10,5067.614452054795,0.0,2654.9100000000008,2395.2250000000004
31,11,5066.376005136986,0.0,2657.0598750000004,2391.6174999999994
31,12,5065.620708219178,0.0,2658.7929000000004,2388.91
31,13,5064.82738630137,0.0,2660.4879,2386.2025000000003
31,14,5063.849327541458,0.0,2661.998163157895,2383.495
31,15,5062.861005623648,0.0,2663.498163157895,2380.7875
31,16,5061.87268370584,0.0,2664.9981631578953,2378.08
31,17,5060.884361788031,0.0,2666.498163157895,2375.3724999999995
31,18,5059.896039870224,0.0,2667.9981631578953,2372.665
31,19,5058.907717952416,0.0,2669.4981631578953,2369.9575000000004
31,20,5057.919396034608,0.0,2670.998163157895,2367.25
31,21,5056.931074116799,0.0,2672.498163157895,2364.5425
31,22,5055.942752198991,0.0,2673.9981631578953,2361.835
31,23,5054.954430281183,0.0,2675.498163157895,2359.1275000000005
31,24,5053.966108363375,0.0,2676.9981631578958,2356.42
32,0,5086.930821917808,0.0,2638.8500000000004,2432.2999999999997
32,1,5075.075000000001,0.0,2639.4475,2419.6274999999996
32,2,5075.379178082193,0.0,2640.045,2419.115
32,3,5075.683356164383,0.0,2640.6425,2418.6025
32,4,5075.482534246576,0.0,2641.7450000000003,2417.08
32,5,5074.140462328767,0.0,2643.9887500000004,2413.2749999999996
32,6,5073.010890410958,0.0,2646.0200000000004,2409.895
32,7,5071.797568493152,0.0,2648.135,2406.3475
32,8,5070.504246575343,0.0,2650.33,2402.6399999999994
32,9,5069.210924657535,0.0,2652.525,2398.9325
32,10,5067.917602739726,0.0,2654.7200000000007,2395.2250000000004
32,11,5066.679155821918,0.0,2656.8698750000003,2391.6174999999994
32,12,5065.93458390411,0.0,2658.6136250000004,2388.91
32,13,5065.149061986302,0.0,2660.3164250000004,2386.2025000000003
32,14,5064.253108489546,0.0,2661.908793421053,2383.495
32,15,5063.264786571738,0.0,2663.408793421053,2380.7875
32,16,5062.27646465393,0.0,2664.908793421053,2378.08
32,17,5061.288142736122,0.0,2666.4087934210534,2375.3724999999995
32,18,5060.299820818313,0.0,2667.908793421053,2372.665
32,19,5059.311498900504,0.0,2669.4087934210534,2369.9575000000004
32,20,5058.323176982697,0.0,2670.908793421053,2367.25
32,21,5057.334855064889,0.0,2672.408793421053,2364.5425
32,22,5056.346533147081,0.0,2673.9087934210534,2361.835
32,23,5055.358211229272,0.0,2675.4087934210534,2359.1275000000005
32,24,5054.369889311463,0.0,2676.908793421053,2356.42
32,25,5053.381567393655,0.0,2678.4087934210534,2353.7125
33,0,5087.42397260274,0.0,2638.8500000000004,2432.2999999999997
33,1,5075.188150684932,0.0,2639.4475,2419.2475
33,2,5075.4923287671245,0.0,2640.045,2418.7349999999997
33,3,5075.796506849316,0.0,2640.6425,2418.2225
33,4,5075.785684931508,0.0,2641.5550000000007,2417.08
33,5,5074.443613013698,0.0,2643.7987500000004,2413.2749999999996
33,6,5073.12404109589,0.0,2646.0200000000004,2409.515
33,7,5072.100719178083,0.0,2647.945,2406.3475
33,8,5070.807397260274,0.0,2650.1400000000003,2402.6399999999994
33,9,5069.514075342466,0.0,2652.335,2398.9325
33,10,5068.220753424658,0.0,2654.5300000000007,2395.2250000000004
33,11,5066.982306506849,0.0,2656.6798750000003,2391.6174999999994
33,12,5066.237734589041,0.0,2658.4236250000004,2388.91
33,13,5065.470737671233,0.0,2660.1449500000003,2386.2025000000003
33,14,5064.656889437636,0.0,2661.819423684211,2383.495
33,15,5063.668567519828,0.0,2663.319423684211,2380.7875
33,16,5062.680245602019,0.0,2664.819423684211,2378.08
33,17,5061.69192368421,0.0,2666.3194236842105,2375.3724999999995
33,18,5060.703601766403,0.0,2667.8194236842105,2372.665
33,19,5059.715279848594,0.0,2669.3194236842114,2369.9575000000004
33,20,5058.726957930787,0.0,2670.819423684211,2367.25
33,21,5057.7386360129785,0.0,2672.319423684211,2364.5425
33,22,5056.75031409517,0.0,2673.819423684211,2361.835
33,23,5055.761992177361,0.0,2675.3194236842105,2359.1275000000005
33,24,5054.773670259553,0.0,2676.8194236842105,2356.42
33,25,5053.785348341745,0.0,2678.3194236842114,2353.7125
33,26,5052.7970264239375,0.0,2679.819423684211,2351.005
34,0,5087.917123287671,0.0,2638.8500000000004,2432.2999999999997
34,1,5075.301301369864,0.0,2639.4475,2418.8675000000003
34,2,5075.605479452055,0.0,2640.045,2418.3549999999996
34,3,5075.909657534246,0.0,2640.6425,2417.8424999999997
34,4,5076.088835616439,0.0,2641.3650000000007,2417.08
34,5,5074.74676369863,0.0,2643.6087500000003,2413.2749999999996
34,6,5073.404691780822,0.0,2645.8525000000004,2409.47
34,7,5072.403869863015,0.0,2647.755,2406.3475
34,8,5071.110547945206,0.0,2649.9500000000003,2402.6399999999994
34,9,5069.817226027398,0.0,2652.145,2398.9325
34,10,5068.523904109589,0.0,2654.3400000000006,2395.2250000000004
34,11,5067.285457191781,0.0,2656.489875,2391.6174999999994
34,12,5066.540885273973,0.0,2658.2336250000003,2388.91
34,13,5065.792413356165,0.0,2659.9734750000002,2386.2025000000003
34,14,5064.999091438357,0.0,2661.668475,2383.495
34,15,5064.0723484679165,0.0,2663.230053947369,2380.7875
34,16,5063.084026550108,0.0,2664.730053947369,2378.08
34,17,5062.0957046323,0.0,2666.2300539473686,2375.3724999999995
34,18,5061.107382714492,0.0,2667.7300539473686,2372.665
34,19,5060.119060796684,0.0,2669.2300539473686,2369.9575000000004
34,20,5059.1307388788755,0.0,2670.7300539473686,2367.25
34,21,5058.142416961067,0.0,2672.2300539473686,2364.5425
34,22,5057.154095043259,0.0,2673.730053947369,2361.835
34,23,5056.165773125451,0.0,2675.230053947369,2359.1275000000005
34,24,5055.177451207643,0.0,2676.7300539473686,2356.42
34,25,5054.189129289834,0.0,2678.2300539473686,2353.7125
34,26,5053.200807372027,0.0,2679.7300539473686,2351.005
34,27,5052.368824927902,0.0,2681.035843421053,2348.64805
35,0,5088.410273972602,0.0,2638.8500000000004,2432.2999999999997
35,1,5075.414452054795,0.0,2639.4475,2418.4875
35,2,5075.718630136987,0.0,2640.045,2417.9749999999995
35,3,5076.022808219179,0.0,2640.6425,2417.4625
35,4,5076.32698630137,0.0,2641.2400000000007,2416.95
35,5,5075.049914383561,0.0,2643.4187500000003,2413.2749999999996
35,6,5073.707842465753,0.0,2645.6625000000004,2409.47
35,7,5072.707020547946,0.0,2647.565,2406.3475
35,8,5071.413698630137,0.0,2649.76,2402.6399999999994
35,9,5070.120376712329,0.0,2651.955,2398.9325
35,10,5068.827054794521,0.0,2654.1500000000005,2395.2250000000004
35,11,5067.588607876713,0.0,2656.299875,2391.6174999999994
35,12,5066.844035958904,0.0,2658.0436250000002,2388.91
35,13,5066.099464041095,0.0,2659.7873750000003,2386.2025000000003
35,14,5065.3207671232885,0.0,2661.4970000000003,2383.495
35,15,5064.476129416006,0.0,2663.1406842105266,2380.7875
35,16,5063.487807498197,0.0,2664.6406842105266,2378.08
35,17,5062.49948558039,0.0,2666.1406842105266,2375.3724999999995
35,18,5061.511163662581,0.0,2667.640684210526,2372.665
35,19,5060.522841744773,0.0,2669.1406842105266,2369.9575000000004
35,20,5059.534519826965,0.0,2670.6406842105266,2367.25
35,21,5058.546197909157,0.0,2672.1406842105266,2364.5425
35,22,5057.557875991349,0.0,2673.6406842105266,2361.835
35,23,5056.56955407354,0.0,2675.1406842105266,2359.1275000000005
35,24,5055.581232155731,0.0,2676.6406842105266,2356.42
35,25,5054.592910237924,0.0,2678.1406842105266,2353.7125
35,26,5053.604588320116,0.0,2679.6406842105266,2351.005
35,27,5052.616266402308,0.0,2681.1406842105266,2348.2974999999997
35,28,5052.000786589762,0.0,2682.1775263157897,2346.426
36,0,5088.903424657534,0.0,2638.8500000000004,2432.2999999999997
36,1,5075.672602739727,0.0,2639.3025000000002,2418.3975
36,2,5075.831780821918,0.0,2640.045,2417.5949999999993
36,3,5076.135958904109,0.0,2640.6425,2417.0825
36,4,5076.440136986302,0.0,2641.2400000000007,2416.5699999999997
36,5,5075.353065068493,0.0,2643.22875,2413.2749999999996
36,6,5074.010993150685,0.0,2645.4725000000003,2409.47
36,7,5073.010171232878,0.0,2647.3750000000005,2406.3475
36,8,5071.716849315069,0.0,2649.57,2402.6399999999994
36,9,5070.423527397261,0.0,2651.765,2398.9325
36,10,5069.130205479452,0.0,2653.9600000000005,2395.2250000000004
36,11,5067.891758561644,0.0,2656.1098750000006,2391.6174999999994
36,12,5067.147186643835,0.0,2657.853625,2388.91
36,13,5066.402614726027,0.0,2659.5973750000003,2386.2025000000003
36,14,5065.64244280822,0.0,2661.325525,2383.495
36,15,5064.8491208904115,0.0,2663.020525,2380.7875
36,16,5063.891588446288,0.0,2664.5513144736847,2378.08
36,17,5062.9032665284785,0.0,2666.0513144736847,2375.3724999999995
36,18,5061.91494461067,0.0,2667.5513144736847,2372.665
36,19,5060.926622692862,0.0,2669.0513144736847,2369.9575000000004
36,20,5059.938300775055,0.0,2670.551314473684,2367.25
36,21,5058.949978857247,0.0,2672.051314473684,2364.5425
36,22,5057.961656939438,0.0,2673.5513144736847,2361.835
36,23,5056.973335021629,0.0,2675.0513144736847,2359.1275000000005
36,24,5055.985013103821,0.0,2676.551314473684,2356.42
36,25,5054.996691186013,0.0,2678.0513144736847,2353.7125
36,26,5054.008369268206,0.0,2679.551314473684,2351.005
36,27,5053.020047350396,0.0,2681.0513144736838,2348.2974999999997
36,28,5052.218570169432,0.0,2682.3192092105264,2346.00895
37,0,5089.396575342465,0.0,2638.8500000000004,2432.2999999999997
37,1,5075.975753424658,0.0,2639.1125,2418.3975
37,2,5075.9449315068505,0.0,2640.045,2417.215
37,3,5076.249109589042,0.0,2640.6425,2416.7025
37,4,5076.553287671233,0.0,2641.2400000000007,2416.1899999999996
37,5,5075.6562157534245,0.0,2643.03875,2413.2749999999996
37,6,5074.314143835616,0.0,2645.2825000000003,2409.47
37,7,5073.283321917809,0.0,2647.215,2406.2875000000004
37,8,5072.02,0.0,2649.38,2402.6399999999994
37,9,5070.726678082192,0.0,2651.575,2398.9325
37,10,5069.433356164384,0.0,2653.7700000000004,2395.2250000000004
37,11,5068.194909246576,0.0,2655.9198750000005,2391.6174999999994
37,12,5067.450337328767,0.0,2657.663625,2388.91
37,13,5066.7057654109585,0.0,2659.4073750000002,2386.2025000000003
37,14,5065.961193493152,0.0,2661.1511250000003,2383.495
37,15,5065.170796575343,0.0,2662.8490500000003,2380.7875
37,16,5064.295369394376,0.0,2664.4619447368423,2378.08
37,17,5063.307047476568,0.0,2665.9619447368423,2375.3724999999995
37,18,5062.318725558759,0.0,2667.4619447368423,2372.665
37,19,5061.330403640952,0.0,2668.9619447368423,2369.9575000000004
37,20,5060.3420817231445,0.0,2670.4619447368427,2367.25
37,21,5059.353759805335,0.0,2671.9619447368423,2364.5425
37,22,5058.365437887527,0.0,2673.4619447368423,2361.835
37,23,5057.377115969719,0.0,2674.9619447368423,2359.1275000000005
37,24,5056.388794051911,0.0,2676.4619447368423,2356.42
37,25,5055.400472134102,0.0,2677.9619447368427,2353.7125
37,26,5054.412150216295,0.0,2679.4619447368427,2351.005
37,27,5053.423828298486,0.0,2680.9619447368427,2348.2974999999997
37,28,5052.436353749099,0.0,2682.4608921052636,2345.5919
37,29,5051.850531831291,0.0,2683.460892105263,2343.7869
38,0,5089.889726027397,0.0,2638.8500000000004,2432.2999999999997
38,1,5076.278904109589,0.0,2638.9225,2418.3975
38,2,5076.058082191781,0.0,2640.045,2416.835
38,3,5076.362260273972,0.0,2640.6425,2416.3224999999998
38,4,5076.666438356165,0.0,2641.2400000000007,2415.8100000000004
38,5,5075.9593664383565,0.0,2642.8487500000006,2413.2749999999996
38,6,5074.617294520548,0.0,2645.0925,2409.47
38,7,5073.396472602741,0.0,2647.215,2405.9075000000003
38,8,5072.323150684932,0.0,2649.19,2402.6399999999994
38,9,5071.029828767124,0.0,2651.385,2398.9325
38,10,5069.736506849315,0.0,2653.5800000000004,2395.2250000000004
38,11,5068.498059931507,0.0,2655.7298750000004,2391.6174999999994
38,12,5067.753488013698,0.0,2657.473625,2388.91
38,13,5067.0089160958905,0.0,2659.217375,2386.2025000000003
38,14,5066.264344178083,0.0,2660.9611250000003,2383.495
38,15,5065.492472260275,0.0,2662.677575,2380.7875
38,16,5064.699150342466,0.0,2664.3725750000003,2378.08
38,17,5063.710828424658,0.0,2665.8725750000003,2375.3724999999995
38,18,5062.72250650685,0.0,2667.372575,2372.665
38,19,5061.734184589041,0.0,2668.872575,2369.9575000000004
38,20,5060.745862671233,0.0,2670.3725750000003,2367.25
38,21,5059.757540753425,0.0,2671.872575,2364.5425
38,22,5058.769218835617,0.0,2673.3725750000003,2361.835
38,23,5057.780896917809,0.0,2674.8725750000003,2359.1275000000005
38,24,5056.792575,0.0,2676.372575,2356.42
38,25,5055.804253082192,0.0,2677.8725750000003,2353.7125
38,26,5054.815931164384,0.0,2679.3725750000003,2351.005
38,27,5053.827609246576,0.0,2680.872575,2348.2974999999997
38,28,5052.839287328768,0.0,2682.372575000001,2345.59
38,29,5052.068315410959,0.0,2683.602575000001,2343.36985
38,30,5051.482493493151,0.0,2684.6025750000003,2341.5648499999998
39,0,5090.382876712329,0.0,2638.8500000000004,2432.2999999999997
39,1,5076.46455479452,0.0,2638.8500000000004,2418.1624999999995
39,2,5076.171232876713,0.0,2640.045,2416.455
39,3,5076.475410958905,0.0,2640.6425,2415.9425
39,4,5076.779589041096,0.0,2641.2400000000007,2415.4300000000003
39,5,5076.262517123288,0.0,2642.6587500000005,2413.2749999999996
39,6,5074.920445205479,0.0,2644.9025,2409.47
39,7,5073.578373287672,0.0,2647.1462500000002,2405.665
39,8,5072.6263013698635,0.0,2649.0,2402.6399999999994
39,9,5071.332979452055,0.0,2651.195,2398.9325
39,10,5070.039657534247,0.0,2653.3900000000003,2395.2250000000004
39,11,5068.801210616439,0.0,2655.5398750000004,2391.6174999999994
39,12,5068.05663869863,0.0,2657.2836250000005,2388.91
39,13,5067.312066780822,0.0,2659.027375,2386.2025000000003
39,14,5066.567494863014,0.0,2660.771125,2383.495
39,15,5065.814147945206,0.0,2662.5061,2380.7875
39,16,5065.020826027398,0.0,2664.2011000000007,2378.08
39,17,5064.1146093727475,0.0,2665.7832052631584,2375.3724999999995
39,18,5063.126287454938,0.0,2667.2832052631584,2372.665
39,19,5062.137965537131,0.0,2668.783205263158,2369.9575000000004
39,20,5061.149643619323,0.0,2670.2832052631584,2367.25
39,21,5060.161321701515,0.0,2671.7832052631584,2364.5425
39,22,5059.1729997837065,0.0,2673.283205263158,2361.835
39,23,5058.184677865897,0.0,2674.7832052631584,2359.1275000000005
39,24,5057.196355948089,0.0,2676.2832052631575,2356.42
39,25,5056.208034030282,0.0,2677.783205263158,2353.7125
39,26,5055.219712112474,0.0,2679.283205263158,2351.005
39,27,5054.231390194665,0.0,2680.783205263158,2348.2974999999997
39,28,5053.243068276857,0.0,2682.2832052631584,2345.59
39,29,5052.286098990628,0.0,2683.744257894737,2342.9528
39,30,5051.700277072819,0.0,2684.744257894737,2341.1477999999997
39,31,5051.114455155011,0.0,2685.7442578947366,2339.3428
40,0,5090.87602739726,0.0,2638.8500000000004,2432.2999999999997
40,1,5076.577705479453,0.0,2638.8500000000004,2417.7825
40,2,5076.284383561644,0.0,2640.045,2416.075
40,3,5076.588561643836,0.0,2640.6425,2415.5625
40,4,5076.892739726028,0.0,2641.2400000000007,2415.05
40,5,5076.56566780822,0.0,2642.4687500000005,2413.2749999999996
40,6,5075.223595890411,0.0,2644.7125,2409.47
40,7,5073.881523972604,0.0,2646.95625,2405.665
40,8,5072.929452054795,0.0,2648.81,2402.6399999999994
40,9,5071.636130136986,0.0,2651.005,2398.9325
40,10,5070.342808219179,0.0,2653.2000000000007,2395.2250000000004
40,11,5069.10436130137,0.0,2655.3498750000003,2391.6174999999994
40,12,5068.359789383561,0.0,2657.0936250000004,2388.91
40,13,5067.615217465754,0.0,2658.837375,2386.2025000000003
40,14,5066.870645547946,0.0,2660.581125,2383.495
40,15,5066.126073630137,0.0,2662.3248750000002,2380.7875
40,16,5065.342501712329,0.0,2664.0296250000006,2378.08
40,17,5064.518390320836,0.0,2665.6938355263164,2375.3724999999995
40,18,5063.530068403028,0.0,2667.193835526316,2372.665
40,19,5062.54174648522,0.0,2668.693835526316,2369.9575000000004
40,20,5061.553424567413,0.0,2670.193835526316,2367.25
40,21,5060.565102649604,0.0,2671.6938355263155,2364.5425
40,22,5059.576780731795,0.0,2673.1938355263155,2361.835
40,23,5058.588458813987,0.0,2674.6938355263164,2359.1275000000005
40,24,5057.600136896179,0.0,2676.193835526316,2356.42
40,25,5056.611814978371,0.0,2677.6938355263164,2353.7125
40,26,5055.623493060563,0.0,2679.193835526316,2351.005
40,27,5054.635171142754,0.0,2680.6938355263155,2348.2974999999997
40,28,5053.646849224947,0.0,2682.193835526316,2345.59
40,29,5052.658527307138,0.0,2683.693835526316,2342.8824999999997
40,30,5051.918060652488,0.0,2684.8859407894743,2340.7307499999997
40,31,5051.332238734679,0.0,2685.8859407894743,2338.92575
40,32,5050.746416816872,0.0,2686.8859407894743,2337.12075
41,0,5091.369178082192,0.0,2638.8500000000004,2432.2999999999997
41,1,5076.690856164384,0.0,2638.8500000000004,2417.4024999999997
41,2,5076.397534246576,0.0,2640.045,2415.6949999999997
41,3,5076.701712328768,0.0,2640.6425,2415.1825
41,4,5077.005890410959,0.0,2641.2400000000007,2414.67
41,5,5076.868818493151,0.0,2642.2787500000004,2413.2749999999996
41,6,5075.526746575342,0.0,2644.5225000000005,2409.47
41,7,5074.184674657535,0.0,2646.76625,2405.665
41,8,5073.232602739727,0.0,2648.62,2402.6399999999994
41,9,5071.939280821918,0.0,2650.815,2398.9325
41,10,5070.64595890411,0.0,2653.0100000000007,2395.2250000000004
41,11,5069.407511986302,0.0,2655.1598750000003,2391.6174999999994
41,12,5068.662940068493,0.0,2656.9036250000004,2388.91
41,13,5067.918368150685,0.0,2658.6473750000005,2386.2025000000003
41,14,5067.173796232877,0.0,2660.391125,2383.495
41,15,5066.4292243150685,0.0,2662.134875,2380.7875
41,16,5065.664177397261,0.0,2663.8581500000005,2378.08
41,17,5064.870855479452,0.0,2665.5531500000006,2375.3724999999995
41,18,5063.933849351117,0.0,2667.1044657894736,2372.665
41,19,5062.945527433309,0.0,2668.604465789474,2369.9575000000004
41,20,5061.957205515501,0.0,2670.104465789474,2367.25
41,21,5060.968883597693,0.0,2671.6044657894736,2364.5425
41,22,5059.980561679885,0.0,2673.1044657894736,2361.835
41,23,5058.992239762077,0.0,2674.6044657894736,2359.1275000000005
41,24,5058.003917844268,0.0,2676.1044657894736,2356.42
41,25,5057.015595926459,0.0,2677.604465789474,2353.7125
41,26,5056.027274008653,0.0,2679.104465789474,2351.005
41,27,5055.038952090844,0.0,2680.6044657894736,2348.2974999999997
41,28,5054.050630173036,0.0,2682.104465789474,2345.59
41,29,5053.062308255227,0.0,2683.6044657894736,2342.8824999999997
41,30,5052.135844232155,0.0,2685.027623684211,2340.3136999999997
41,31,5051.550022314347,0.0,2686.027623684211,2338.5087
41,32,5050.96420039654,0.0,2687.0276236842114,2336.7037
42,0,5091.8623287671235,0.0,2638.8500000000004,2432.2999999999997
42,1,5076.804006849316,0.0,2638.8500000000004,2417.0224999999996
42,2,5076.510684931507,0.0,2640.045,2415.3149999999996
42,3,5076.814863013699,0.0,2640.6425,2414.8025
42,4,5077.119041095891,0.0,2641.2400000000007,2414.29
42,5,5077.171969178082,0.0,2642.0887500000003,2413.2749999999996
42,6,5075.829897260273,0.0,2644.3325000000004,2409.47
42,7,5074.487825342467,0.0,2646.5762500000005,2405.665
42,8,5073.535753424658,0.0,2648.4300000000003,2402.6399999999994
42,9,5072.242431506849,0.0,2650.625,2398.9325
42,10,5070.949109589042,0.0,2652.8200000000006,2395.2250000000004
42,11,5069.710662671233,0.0,2654.9698750000002,2391.6174999999994
42,12,5068.966090753424,0.0,2656.7136250000003,2388.91
42,13,5068.221518835617,0.0,2658.4573750000004,2386.2025000000003
42,14,5067.476946917809,0.0,2660.201125,2383.495
42,15,5066.7323750000005,0.0,2661.944875,2380.7875
42,16,5065.985853082192,0.0,2663.6866750000004,2378.08
42,17,5065.192531164384,0.0,2665.3816750000005,2375.3724999999995
42,18,5064.337630299207,0.0,2667.0150960526316,2372.665
42,19,5063.349308381399,0.0,2668.5150960526316,2369.9575000000004
42,20,5062.360986463591,0.0,2670.0150960526316,2367.25
42,21,5061.372664545783,0.0,2671.5150960526316,2364.5425
42,22,5060.384342627975,0.0,2673.0150960526316,2361.835
42,23,5059.396020710166,0.0,2674.5150960526316,2359.1275000000005
42,24,5058.407698792358,0.0,2676.0150960526316,2356.42
42,25,5057.41937687455,0.0,2677.5150960526316,2353.7125
42,26,5056.431054956742,0.0,2679.0150960526316,2351.005
42,27,5055.4427330389335,0.0,2680.5150960526316,2348.2974999999997
42,28,5054.454411121125,0.0,2682.0150960526316,2345.59
42,29,5053.466089203317,0.0,2683.515096052631,2342.8824999999997
42,30,5052.477767285509,0.0,2685.0150960526316,2340.175
42,31,5051.7678058940155,0.0,2686.1693065789477,2338.0916500000003
42,32,5051.181983976208,0.0,2687.1693065789477,2336.28665
42,33,5050.5961620584,0.0,2688.1693065789477,2334.4816499999997
43,0,5092.355479452055,0.0,2638.8500000000004,2432.2999999999997
43,1,5076.917157534246,0.0,2638.8500000000004,2416.6425
43,2,5076.623835616439,0.0,2640.045,2414.9349999999995
43,3,5076.92801369863,0.0,2640.6425,2414.4224999999997
43,4,5077.232191780822,0.0,2641.2400000000007,2413.91
43,5,5077.475119863014,0.0,2641.8987500000003,2413.2749999999996
43,6,5076.133047945205,0.0,2644.1425000000004,2409.47
43,7,5074.790976027398,0.0,2646.3862500000005,2405.665
43,8,5073.66890410959,0.0,2648.4100000000003,2402.3
43,9,5072.545582191781,0.0,2650.435,2398.9325
43,10,5071.252260273973,0.0,2652.6300000000006,2395.2250000000004
43,11,5070.013813356165,0.0,2654.779875,2391.6174999999994
43,12,5069.269241438356,0.0,2656.5236250000003,2388.91
43,13,5068.524669520548,0.0,2658.2673750000004,2386.2025000000003
43,14,5067.78009760274,0.0,2660.011125,2383.495
43,15,5067.035525684932,0.0,2661.754875,2380.7875
43,16,5066.290953767124,0.0,2663.4986250000006,2378.08
43,17,5065.514206849315,0.0,2665.2102000000004,2375.3724999999995
43,18,5064.720884931507,0.0,2666.9052000000006,2372.665
43,19,5063.753089329488,0.0,2668.4257263157892,2369.9575000000004
43,20,5062.764767411681,0.0,2669.9257263157897,2367.25
43,21,5061.776445493872,0.0,2671.4257263157897,2364.5425
43,22,5060.788123576063,0.0,2672.9257263157897,2361.835
43,23,5059.799801658255,0.0,2674.4257263157897,2359.1275000000005
43,24,5058.811479740447,0.0,2675.9257263157897,2356.42
43,25,5057.823157822639,0.0,2677.4257263157892,2353.7125
43,26,5056.834835904831,0.0,2678.9257263157897,2351.005
43,27,5055.846513987023,0.0,2680.4257263157897,2348.2974999999997
43,28,5054.858192069214,0.0,2681.9257263157897,2345.59
43,29,5053.869870151406,0.0,2683.4257263157897,2342.8824999999997
43,30,5052.881548233598,0.0,2684.9257263157897,2340.175
43,31,5051.985589473684,0.0,2686.310989473684,2337.6746000000003
43,32,5051.399767555878,0.0,2687.310989473684,2335.8696
43,33,5050.813945638069,0.0,2688.3109894736845,2334.0645999999997
43,34,5050.22812372026,0.0,2689.3109894736845,2332.2596000000003
44,0,5092.848630136987,0.0,2638.8500000000004,2432.2999999999997
44,1,5077.030308219178,0.0,2638.8500000000004,2416.2625
44,2,5076.73698630137,0.0,2640.045,2414.5550000000003
44,3,5077.041164383562,0.0,2640.6425,2414.0425
44,4,5077.345342465754,0.0,2641.2400000000007,2413.5299999999997
44,5,5077.649520547945,0.0,2641.8375000000005,2413.0175
44,6,5076.4361986301365,0.0,2643.9525000000003,2409.47
44,7,5075.09412671233,0.0,2646.1962500000004,2405.665
44,8,5073.782054794521,0.0,2648.4100000000003,2401.92
44,9,5072.848732876712,0.0,2650.245,2398.9325
44,10,5071.555410958905,0.0,2652.4400000000005,2395.2250000000004
44,11,5070.316964041096,0.0,2654.5898750000006,2391.6174999999994
44,12,5069.5723921232875,0.0,2656.333625,2388.91
44,13,5068.827820205479,0.0,2658.0773750000003,2386.2025000000003
44,14,5068.083248287672,0.0,2659.8211250000004,2383.495
44,15,5067.338676369864,0.0,2661.564875,2380.7875
44,16,5066.594104452055,0.0,2663.3086250000006,2378.08
44,17,5065.835882534247,0.0,2665.0387250000003,2375.3724999999995
44,18,5065.042560616438,0.0,2666.7337250000005,2372.665
44,19,5064.156870277578,0.0,2668.3363565789477,2369.9575000000004
44,20,5063.16854835977,0.0,2669.8363565789473,2367.25
44,21,5062.180226441962,0.0,2671.3363565789473,2364.5425
44,22,5061.191904524153,0.0,2672.8363565789473,2361.835
44,23,5060.203582606345,0.0,2674.3363565789473,2359.1275000000005
44,24,5059.215260688537,0.0,2675.8363565789477,2356.42
44,25,5058.226938770728,0.0,2677.3363565789477,2353.7125
44,26,5057.238616852921,0.0,2678.8363565789473,2351.005
44,27,5056.250294935112,0.0,2680.3363565789473,2348.2974999999997
44,28,5055.261973017304,0.0,2681.8363565789473,2345.59
44,29,5054.2736510994955,0.0,2683.3363565789477,2342.8824999999997
44,30,5053.285329181687,0.0,2684.8363565789477,2340.175
44,31,5052.297007263879,0.0,2686.3363565789477,2337.4675
44,32,5051.617551135545,0.0,2687.452672368421,2335.45255
44,33,5051.031729217737,0.0,2688.452672368421,2333.6475499999997
44,34,5050.445907299928,0.0,2689.452672368421,2331.8425500000003
44,35,5049.86008538212,0.0,2690.4526723684216,2330.03755
45,0,5093.341780821918,0.0,2638.8500000000004,2432.2999999999997
45,1,5077.143458904109,0.0,2638.8500000000004,2415.8824999999997
45,2,5076.8501369863025,0.0,2640.045,2414.175
45,3,5077.154315068494,0.0,2640.6425,2413.6625
45,4,5077.458493150685,0.0,2641.2400000000007,2413.1499999999996
45,5,5077.7626712328765,0.0,2641.8375000000005,2412.6375
45,6,5076.7393493150685,0.0,2643.7625000000003,2409.47
45,7,5075.397277397261,0.0,2646.0062500000004,2405.665
45,8,5074.0552054794525,0.0,2648.25,2401.8599999999997
45,9,5073.151883561644,0.0,2650.055,2398.9325
45,10,5071.858561643836,0.0,2652.2500000000005,2395.2250000000004
45,11,5070.620114726027,0.0,2654.3998750000005,2391.6174999999994
45,12,5069.8755428082195,0.0,2656.143625,2388.91
45,13,5069.130970890411,0.0,2657.8873750000002,2386.2025000000003
45,14,5068.386398972603,0.0,2659.6311250000003,2383.495
45,15,5067.641827054795,0.0,2661.374875,2380.7875
45,16,5066.897255136987,0.0,2663.1186250000005,2378.08
45,17,5066.1526832191785,0.0,2664.8623750000006,2375.3724999999995
45,18,5065.36423630137,0.0,2666.5622500000004,2372.665
45,19,5064.560651225666,0.0,2668.2469868421053,2369.9575000000004
45,20,5063.572329307859,0.0,2669.746986842106,2367.25
45,21,5062.584007390051,0.0,2671.2469868421053,2364.5425
45,22,5061.595685472243,0.0,2672.7469868421053,2361.835
45,23,5060.607363554434,0.0,2674.2469868421053,2359.1275000000005
45,24,5059.619041636625,0.0,2675.7469868421053,2356.42
45,25,5058.630719718817,0.0,2677.2469868421053,2353.7125
45,26,5057.64239780101,0.0,2678.7469868421053,2351.005
45,27,5056.654075883202,0.0,2680.246986842106,2348.2974999999997
45,28,5055.665753965393,0.0,2681.7469868421053,2345.59
45,29,5054.677432047585,0.0,2683.2469868421053,2342.8824999999997
45,30,5053.689110129776,0.0,2684.7469868421053,2340.175
45,31,5052.700788211968,0.0,2686.2469868421053,2337.4675
45,32,5051.835334715213,0.0,2687.5943552631584,2335.0355
45,33,5051.249512797405,0.0,2688.594355263159,2333.2304999999997
45,34,5050.663690879597,0.0,2689.5943552631584,2331.4255000000003
45,35,5050.077868961788,0.0,2690.5943552631584,2329.6205
45,36,5049.49204704398,0.0,2691.5943552631584,2327.8154999999997
46,0,5093.83493150685,0.0,2638.8500000000004,2432.2999999999997
46,1,5077.256609589042,0.0,2638.8500000000004,2415.5024999999996
46,2,5076.963287671234,0.0,2640.045,2413.795
46,3,5077.267465753425,0.0,2640.6425,2413.2825
46,4,5077.571643835617,0.0,2641.2400000000007,2412.7699999999995
46,5,5077.875821917808,0.0,2641.8375000000005,2412.2574999999997
46,6,5077.0425,0.0,2643.5725,2409.47
46,7,5075.700428082193,0.0,2645.8162500000003,2405.665
46,8,5074.3583561643845,0.0,2648.06,2401.8599999999997
46,9,5073.455034246575,0.0,2649.8650000000002,2398.9325
46,10,5072.161712328768,0.0,2652.0600000000004,2395.2250000000004
46,11,5070.923265410959,0.0,2654.2098750000005,2391.6174999999994
46,12,5070.178693493151,0.0,2655.953625,2388.91
46,13,5069.434121575342,0.0,2657.697375,2386.2025000000003
46,14,5068.689549657535,0.0,2659.4411250000003,2383.495
46,15,5067.944977739727,0.0,2661.184875,2380.7875
46,16,5067.200405821918,0.0,2662.9286250000005,2378.08
46,17,5066.45583390411,0.0,2664.6723750000006,2375.3724999999995
46,18,5065.685911986301,0.0,2666.3907750000003,2372.665
46,19,5064.8925900684935,0.0,2668.0857750000005,2369.9575000000004
46,20,5063.976110255949,0.0,2669.6576171052634,2367.25
46,21,5062.9877883381405,0.0,2671.1576171052634,2364.5425
46,22,5061.999466420332,0.0,2672.657617105263,2361.835
46,23,5061.011144502524,0.0,2674.1576171052634,2359.1275000000005
46,24,5060.022822584716,0.0,2675.6576171052634,2356.42
46,25,5059.034500666908,0.0,2677.1576171052634,2353.7125
46,26,5058.046178749099,0.0,2678.6576171052634,2351.005
46,27,5057.057856831291,0.0,2680.1576171052634,2348.2974999999997
46,28,5056.069534913483,0.0,2681.6576171052634,2345.59
46,29,5055.081212995674,0.0,2683.157617105263,2342.8824999999997
46,30,5054.092891077867,0.0,2684.6576171052634,2340.175
46,31,5053.1045691600575,0.0,2686.1576171052634,2337.4675
46,32,5052.11624724225,0.0,2687.6576171052634,2334.76
46,33,5051.467296377074,0.0,2688.736038157895,2332.8134499999996
46,34,5050.881474459265,0.0,2689.736038157895,2331.0084500000003
46,35,5050.295652541457,0.0,2690.7360381578947,2329.20345
46,36,5049.7098306236485,0.0,2691.736038157895,2327.3984499999997
47,0,5094.328082191781,0.0,2638.8500000000004,2432.2999999999997
47,1,5077.547260273972,0.0,2638.8500000000004,2415.2999999999997
47,2,5077.0764383561645,0.0,2640.045,2413.415
47,3,5077.380616438356,0.0,2640.6425,2412.9024999999997
47,4,5077.684794520548,0.0,2641.2400000000007,2412.3900000000003
47,5,5077.9889726027395,0.0,2641.8375000000005,2411.8774999999996
47,6,5077.345650684932,0.0,2643.3825,2409.47
47,7,5076.003578767124,0.0,2645.6262500000003,2405.665
47,8,5074.661506849316,0.0,2647.8700000000003,2401.8599999999997
47,9,5073.7581849315075,0.0,2649.675,2398.9325
47,10,5072.464863013699,0.0,2651.8700000000003,2395.2250000000004
47,11,5071.22641609589,0.0,2654.0198750000004,2391.6174999999994
47,12,5070.481844178082,0.0,2655.7636250000005,2388.91
47,13,5069.737272260274,0.0,2657.507375,2386.2025000000003
47,14,5068.992700342466,0.0,2659.2511250000002,2383.495
47,15,5068.248128424658,0.0,2660.9948750000003,2380.7875
47,16,5067.50355650685,0.0,2662.7386250000004,2378.08
47,17,5066.758984589042,0.0,2664.4823750000005,2375.3724999999995
47,18,5066.007587671233,0.0,2666.2193,2372.665
47,19,5065.214265753425,0.0,2667.9143000000004,2369.9575000000004
47,20,5064.379891204038,0.0,2669.568247368421,2367.25
47,21,5063.39156928623,0.0,2671.0682473684215,2364.5425
47,22,5062.403247368421,0.0,2672.5682473684215,2361.835
47,23,5061.414925450613,0.0,2674.0682473684215,2359.1275000000005
47,24,5060.426603532805,0.0,2675.568247368421,2356.42
47,25,5059.438281614996,0.0,2677.068247368421,2353.7125
47,26,5058.449959697189,0.0,2678.568247368421,2351.005
47,27,5057.46163777938,0.0,2680.0682473684215,2348.2974999999997
47,28,5056.473315861572,0.0,2681.5682473684215,2345.59
47,29,5055.484993943764,0.0,2683.0682473684215,2342.8824999999997
47,30,5054.496672025955,0.0,2684.568247368421,2340.175
47,31,5053.508350108147,0.0,2686.068247368421,2337.4675
47,32,5052.52002819034,0.0,2687.568247368421,2334.76
47,33,5051.685079956742,0.0,2688.8777210526314,2332.3963999999996
47,34,5051.099258038933,0.0,2689.877721052632,2330.5914000000002
47,35,5050.513436121125,0.0,2690.877721052632,2328.7864
47,36,5049.927614203317,0.0,2691.8777210526314,2326.9813999999997
47,37,5049.341792285508,0.0,2692.8777210526314,2325.1764000000003
48,0,5094.821232876712,0.0,2638.8500000000004,2432.2999999999997
48,1,5078.0404109589035,0.0,2638.8500000000004,2415.2999999999997
48,2,5077.189589041096,0.0,2640.045,2413.035
48,3,5077.493767123288,0.0,2640.6425,2412.5225
48,4,5077.79794520548,0.0,2641.2400000000007,2412.01
48,5,5078.102123287671,0.0,2641.8375000000005,2411.4974999999995
48,6,5077.648801369863,0.0,2643.1925,2409.47
48,7,5076.306729452055,0.0,2645.43625,2405.665
48,8,5074.964657534247,0.0,2647.6800000000003,2401.8599999999997
48,9,5073.941335616439,0.0,2649.605,2398.6925
48,10,5072.768013698631,0.0,2651.6800000000007,2395.2250000000004
48,11,5071.529566780822,0.0,2653.8298750000004,2391.6174999999994
48,12,5070.784994863014,0.0,2655.5736250000004,2388.91
48,13,5070.040422945205,0.0,2657.317375,2386.2025000000003
48,14,5069.295851027398,0.0,2659.061125,2383.495
48,15,5068.551279109589,0.0,2660.8048750000003,2380.7875
48,16,5067.806707191781,0.0,2662.5486250000004,2378.08
48,17,5067.062135273973,0.0,2664.2923750000004,2375.3724999999995
48,18,5066.317563356164,0.0,2666.0361250000005,2372.665
48,19,5065.5359414383565,0.0,2667.7428250000003,2369.9575000000004
48,20,5064.742619520549,0.0,2669.437825,2367.25
48,21,5063.795350234319,0.0,2670.978877631579,2364.5425
48,22,5062.807028316511,0.0,2672.478877631579,2361.835
48,23,5061.8187063987025,0.0,2673.978877631579,2359.1275000000005
48,24,5060.830384480894,0.0,2675.4788776315795,2356.42
48,25,5059.842062563086,0.0,2676.978877631579,2353.7125
48,26,5058.853740645279,0.0,2678.478877631579,2351.005
48,27,5057.86541872747,0.0,2679.978877631579,2348.2974999999997
48,28,5056.877096809661,0.0,2681.478877631579,2345.59
48,29,5055.888774891853,0.0,2682.978877631579,2342.8824999999997
48,30,5054.900452974045,0.0,2684.4788776315795,2340.175
48,31,5053.912131056237,0.0,2685.9788776315795,2337.4675
48,32,5052.9238091384295,0.0,2687.478877631579,2334.76
48,33,5051.93548722062,0.0,2688.978877631579,2332.0525
48,34,5051.317041618602,0.0,2690.0194039473686,2330.1743500000002
48,35,5050.731219700793,0.0,2691.0194039473686,2328.36935
48,36,5050.145397782985,0.0,2692.019403947369,2326.5643499999996
48,37,5049.559575865177,0.0,2693.019403947369,2324.7593500000003
48,38,5048.973753947368,0.0,2694.0194039473686,2322.95435
49,0,5095.314383561644,0.0,2638.8500000000004,2432.2999999999997
49,1,5078.533561643835,0.0,2638.8500000000004,2415.2999999999997
49,2,5077.302739726028,0.0,2640.045,2412.6549999999997
49,3,5077.60691780822,0.0,2640.6425,2412.1425
49,4,5077.911095890411,0.0,2641.2400000000007,2411.63
49,5,5078.2152739726025,0.0,2641.8375000000005,2411.1174999999994
49,6,5077.951952054795,0.0,2643.0025,2409.47
49,7,5076.609880136987,0.0,2645.24625,2405.665
49,8,5075.267808219179,0.0,2647.4900000000002,2401.8599999999997
49,9,5074.05448630137,0.0,2649.605,2398.3125
49,10,5073.071164383562,0.0,2651.4900000000007,2395.2250000000004
49,11,5071.832717465753,0.0,2653.6398750000003,2391.6174999999994
49,12,5071.088145547945,0.0,2655.3836250000004,2388.91
49,13,5070.343573630137,0.0,2657.127375,2386.2025000000003
49,14,5069.5990017123295,0.0,2658.871125,2383.495
49,15,5068.854429794521,0.0,2660.614875,2380.7875
49,16,5068.109857876712,0.0,2662.3586250000003,2378.08
49,17,5067.365285958905,0.0,2664.1023750000004,2375.3724999999995
49,18,5066.620714041096,0.0,2665.8461250000005,2372.665
49,19,5065.857617123288,0.0,2667.57135,2369.9575000000004
49,20,5065.06429520548,0.0,2669.26635,2367.25
49,21,5064.199131182409,0.0,2670.889507894737,2364.5425
49,22,5063.2108092646,0.0,2672.389507894737,2361.835
49,23,5062.222487346792,0.0,2673.889507894737,2359.1275000000005
49,24,5061.234165428983,0.0,2675.389507894737,2356.42
49,25,5060.245843511175,0.0,2676.889507894737,2353.7125
49,26,5059.2575215933675,0.0,2678.389507894737,2351.005
49,27,5058.269199675559,0.0,2679.8895078947367,2348.2974999999997
49,28,5057.280877757751,0.0,2681.389507894737,2345.59
49,29,5056.292555839943,0.0,2682.889507894737,2342.8824999999997
49,30,5055.304233922134,0.0,2684.389507894737,2340.175
49,31,5054.315912004326,0.0,2685.889507894737,2337.4675
49,32,5053.327590086518,0.0,2687.389507894737,2334.76
49,33,5052.33926816871,0.0,2688.889507894737,2332.0525
49,34,5051.5348251982705,0.0,2690.1610868421058,2329.7573
49,35,5050.949003280462,0.0,2691.1610868421058,2327.9523
49,36,5050.363181362653,0.0,2692.1610868421058,2326.1472999999996
49,37,5049.7773594448445,0.0,2693.1610868421058,2324.3423000000003
49,38,5049.191537527036,0.0,2694.1610868421058,2322.5373
49,39,5048.605715609229,0.0,2695.1610868421058,2320.7322999999997
50,0,5095.807534246575,0.0,2638.8500000000004,2432.2999999999997
50,1,5079.026712328767,0.0,2638.8500000000004,2415.2999999999997
50,2,5077.415890410959,0.0,2640.045,2412.2749999999996
50,3,5077.720068493151,0.0,2640.6425,2411.7625
50,4,5078.024246575343,0.0,2641.2400000000007,2411.25
50,5,5078.328424657534,0.0,2641.8375000000005,2410.7375
50,6,5078.255102739726,0.0,2642.8125000000005,2409.47
50,7,5076.913030821918,0.0,2645.05625,2405.665
50,8,5075.57095890411,0.0,2647.3,2401.8599999999997
50,9,5074.228886986301,0.0,2649.5437500000003,2398.055
50,10,5073.374315068493,0.0,2651.3000000000006,2395.2250000000004
50,11,5072.135868150685,0.0,2653.4498750000002,2391.6174999999994
50,12,5071.391296232877,0.0,2655.1936250000003,2388.91
50,13,5070.646724315068,0.0,2656.9373750000004,2386.2025000000003
50,14,5069.902152397261,0.0,2658.681125,2383.495
50,15,5069.157580479452,0.0,2660.424875,2380.7875
50,16,5068.413008561644,0.0,2662.1686250000007,2378.08
50,17,5067.668436643836,0.0,2663.9123750000003,2375.3724999999995
50,18,5066.923864726027,0.0,2665.6561250000004,2372.665
50,19,5066.1792928082195,0.0,2667.399875,2369.9575000000004
50,20,5065.385970890412,0.0,2669.0948750000002,2367.25
50,21,5064.5926489726035,0.0,2670.7898750000004,2364.5425
50,22,5063.61459021269,0.0,2672.300138157895,2361.835
50,23,5062.626268294881,0.0,2673.8001381578947,2359.1275000000005
50,24,5061.637946377073,0.0,2675.300138157895,2356.42
50,25,5060.649624459265,0.0,2676.800138157895,2353.7125
50,26,5059.661302541457,0.0,2678.300138157895,2351.005
50,27,5058.672980623649,0.0,2679.800138157895,2348.2974999999997
50,28,5057.684658705841,0.0,2681.300138157895,2345.59
50,29,5056.696336788032,0.0,2682.8001381578947,2342.8824999999997
50,30,5055.708014870224,0.0,2684.3001381578947,2340.175
50,31,5054.719692952415,0.0,2685.800138157895,2337.4675
50,32,5053.731371034608,0.0,2687.300138157895,2334.76
50,33,5052.7430491168,0.0,2688.800138157895,2332.0525
50,34,5051.754727198991,0.0,2690.300138157895,2329.3450000000003
50,35,5051.16678686013,0.0,2691.302769736842,2327.53525
50,36,5050.580964942322,0.0,2692.302769736842,2325.7302499999996
50,37,5049.995143024514,0.0,2693.3027697368425,2323.9252500000002
50,38,5049.409321106705,0.0,2694.3027697368425,2322.12025
50,39,5048.823499188898,0.0,2695.3027697368425,2320.3152499999997
50,40,5048.237677271089,0.0,2696.3027697368425,2318.5102500000003
